INSERT INTO public.edition (id, year, is_active) VALUES (1, '2020-2021', true);
INSERT INTO public.edition (id, year, is_active) VALUES (2, '2019-2020', false);

INSERT INTO public.contract_coordinators (id, code, email, hash, name, role) VALUES (1,'PK', 'pkowalski@agh.edu.pl', '$2a$10$gqHo720culqp8hsfri456eurdjKS0d3GGvJbCjZ3oN8oSfwGgHxPy', 'dr inż. Piotr Kowalski', 'CONTRACTS');
INSERT INTO public.contract_coordinators (id, code, email, hash, name, role) VALUES (2,'JD', 'jdabrowski@agh.edu.pl', '$2a$10$ORgOrDRlvY8.bo19/nl9UurHUOU6wXoryXzq4xGHL3fEvM1RaAfTu', 'dr hab. inż. Jan Dąbrowski', 'CONTRACTS');

INSERT INTO public.students (id, department, email, field, name, surname, year, phone_number, period_of_stay, earlier_participation, average_grade, exam_level, type_of_certificate, foreign_language, address) VALUES (1, 'WIEiT', 'lbaran@student.agh.edu.pl', 'Informatyka', 'Łukasz', 'Baran', '2', '123-456-789', '1-2', 'Nie', '4.5', 'B2', 'FCE', 'Angielski', 'ul. Armii Krajowej 2/10, Kraków');
INSERT INTO public.students (id, department, email, field, name, surname, year, phone_number, period_of_stay, earlier_participation, average_grade, exam_level, type_of_certificate, foreign_language, address) VALUES (2, 'WIEiT', 'kkowalski@student.agh.edu.pl', 'Informatyka', 'Krzysztof', 'Kowalski', '2', '123-456-789', '1-2', 'Nie', '4.5', 'B2', 'FCE', 'Angielski', 'ul. Armii Krajowej 2/10, Kraków');
INSERT INTO public.students (id, department, email, field, name, surname, year, phone_number, period_of_stay, earlier_participation, average_grade, exam_level, type_of_certificate, foreign_language, address) VALUES (3, 'WIEiT', 'jnowak@student.agh.edu.pl', 'Informatyka', 'Jan', 'Nowak', '1', '123-456-789', '1-2', 'Nie', '4.5', 'B2', 'FCE', 'Angielski', 'ul. Armii Krajowej 2/10, Kraków');
INSERT INTO public.students (id, department, email, field, name, surname, year, phone_number, period_of_stay, earlier_participation, average_grade, exam_level, type_of_certificate, foreign_language, address) VALUES (4, 'WIEiT', 'tnawrocki@student.agh.edu.pl', 'Teleinformatyka', 'Tomasz', 'Nawrocki', '1', '123-456-789', '1-2', 'Nie', '4.5', 'B2', 'FCE', 'Angielski', 'ul. Armii Krajowej 2/10, Kraków');
INSERT INTO public.students (id, department, email, field, name, surname, year, phone_number, period_of_stay, earlier_participation, average_grade, exam_level, type_of_certificate, foreign_language, address) VALUES (5, 'WIEiT', 'anowak@student.agh.edu.pl', 'Informatyka', 'Anna', 'Nowak', '2', '123-456-789', '1-2', 'Nie', '4.5', 'B2', 'FCE', 'Angielski', 'ul. Armii Krajowej 2/10, Kraków');
INSERT INTO public.students (id, department, email, field, name, surname, year, phone_number, period_of_stay, earlier_participation, average_grade, exam_level, type_of_certificate, foreign_language, address) VALUES (6, 'WIEiT', 'mkowal@student.agh.edu.pl', 'EiT', 'Magdalena', 'Kowal', '2', '123-456-789', '1-2', 'Nie', '4.5', 'B2', 'FCE', 'Angielski', 'ul. Armii Krajowej 2/10, Kraków');
INSERT INTO public.students (id, department, email, field, name, surname, year, phone_number, period_of_stay, earlier_participation, average_grade, exam_level, type_of_certificate, foreign_language, address) VALUES (7, 'WIEiT', 'bstachura@student.agh.edu.p', 'EiT', 'Bartłomiej', 'Stachura', '1', '123-456-789', '1-2', 'Nie', '4.5', 'B2', 'FCE', 'Angielski', 'ul. Armii Krajowej 2/10, Kraków');
INSERT INTO public.students (id, department, email, field, name, surname, year, phone_number, period_of_stay, earlier_participation, average_grade, exam_level, type_of_certificate, foreign_language, address) VALUES (8, 'WIEiT', 'drutka@student.agh.edu.pl', 'Teleinformatyka', 'Dawid', 'Rutka', '1', '123-456-789', '1-2', 'Nie', '4.5', 'B2', 'FCE', 'Angielski', 'ul. Armii Krajowej 2/10, Kraków');
INSERT INTO public.students (id, department, email, field, name, surname, year, phone_number, period_of_stay, earlier_participation, average_grade, exam_level, type_of_certificate, foreign_language, address) VALUES (9, 'WIEiT', 'wkowalewski@student.agh.edu.pl', 'Inforamtyka', 'Wojciech', 'Kowalewski', '1', '123-456-789', '1-2', 'Nie', '4.5', 'B2', 'FCE', 'Angielski', 'ul. Armii Krajowej 2/10, Kraków');
INSERT INTO public.students (id, department, email, field, name, surname, year, phone_number, period_of_stay, earlier_participation, average_grade, exam_level, type_of_certificate, foreign_language, address) VALUES (10, 'WIEiT', 'ksroka@student.agh.edu.pl', 'Teleinformatyka', 'Konrad', 'Sroka', '2', '123-456-789', '1-2', 'Nie', '4.5', 'B2', 'FCE', 'Angielski', 'ul. Armii Krajowej 2/10, Kraków');
INSERT INTO public.students (id, department, email, field, name, surname, year, phone_number, period_of_stay, earlier_participation, average_grade, exam_level, type_of_certificate, foreign_language, address) VALUES (11, 'WIEiT', 'jkolarz@student.agh.edu.pl', 'Informatyka', 'Jakub', 'Kolarz', '1', '123-456-789', '1-2', 'Nie', '4.5', 'B2', 'FCE', 'Angielski', 'ul. Armii Krajowej 2/10, Kraków');
INSERT INTO public.students (id, department, email, field, name, surname, year, phone_number, period_of_stay, earlier_participation, average_grade, exam_level, type_of_certificate, foreign_language, address) VALUES (12, 'WIEiT', 'kmazur@student.agh.edu.pl', 'Teleinformatyka', 'Karolina', 'Mazur', '2', '123-456-789', '1-2', 'Nie', '4.5', 'B2', 'FCE', 'Angielski', 'ul. Armii Krajowej 2/10, Kraków');
INSERT INTO public.students (id, department, email, field, name, surname, year, phone_number, period_of_stay, earlier_participation, average_grade, exam_level, type_of_certificate, foreign_language, address) VALUES (13, 'WIEiT', 'jgrabowski@student.agh.edu.pl', 'EiT', 'Jakub', 'Grabowski', '2', '123-456-789', '1-2', 'Nie', '4.5', 'B2', 'FCE', 'Angielski', 'ul. Armii Krajowej 2/10, Kraków');
INSERT INTO public.students (id, department, email, field, name, surname, year, phone_number, period_of_stay, earlier_participation, average_grade, exam_level, type_of_certificate, foreign_language, address) VALUES (14, 'WIEiT', 'kdebowska@student.agh.edu.pl', 'Informatyka', 'Katarzyna', 'Dębowska', '2', '123-456-789', '1-2', 'Nie', '4.5', 'B2', 'FCE', 'Angielski', 'ul. Armii Krajowej 2/10, Kraków');
INSERT INTO public.students (id, department, email, field, name, surname, year, phone_number, period_of_stay, earlier_participation, average_grade, exam_level, type_of_certificate, foreign_language, address) VALUES (15, 'WIEiT', 'mmleczko@student.agh.edu.pl', 'Informatyka', 'Marcin', 'Mleczko', '1', '123-456-789', '1-2', 'Nie', '4.5', 'B2', 'FCE', 'Angielski', 'ul. Armii Krajowej 2/10, Kraków');
INSERT INTO public.students (id, department, email, field, name, surname, year, phone_number, period_of_stay, earlier_participation, average_grade, exam_level, type_of_certificate, foreign_language, address) VALUES (16, 'WIEiT', 'pjedrzejczyk@student.agh.edu.pl', 'Informatyka', 'Paweł', 'Jędrzejczyk', '1', '123-456-789', '1-2', 'Nie', '4.5', 'B2', 'FCE', 'Angielski', 'ul. Armii Krajowej 2/10, Kraków');
INSERT INTO public.students (id, department, email, field, name, surname, year, phone_number, period_of_stay, earlier_participation, average_grade, exam_level, type_of_certificate, foreign_language, address) VALUES (17, 'WIEiT', 'plis@student.agh.edu.pl', 'Teleinformatyka', 'Piotr', 'Lis', '1', '123-456-789', '1-2', 'Nie', '4.5', 'B2', 'FCE', 'Angielski', 'ul. Armii Krajowej 2/10, Kraków');
INSERT INTO public.students (id, department, email, field, name, surname, year, phone_number, period_of_stay, earlier_participation, average_grade, exam_level, type_of_certificate, foreign_language, address) VALUES (18, 'WIEiT', 'ibieniek@student.agh.edu.pl', 'Informatyka', 'Iwona', 'Bieniek', '2', '123-456-789', '1-2', 'Nie', '4.5', 'B2', 'FCE', 'Angielski', 'ul. Armii Krajowej 2/10, Kraków');
INSERT INTO public.students (id, department, email, field, name, surname, year, phone_number, period_of_stay, earlier_participation, average_grade, exam_level, type_of_certificate, foreign_language, address) VALUES (19, 'WIEiT', 'swilk@student.agh.edu.pl', 'Teleinformatyka', 'Sebastian', 'Wilk', '2', '123-456-789', '1-2', 'Nie', '4.5', 'B2', 'FCE', 'Angielski', 'ul. Armii Krajowej 2/10, Kraków');
INSERT INTO public.students (id, department, email, field, name, surname, year, phone_number, period_of_stay, earlier_participation, average_grade, exam_level, type_of_certificate, foreign_language, address) VALUES (20, 'WIEiT', 'korzel@student.agh.edu.pl', 'Informatyka', 'Karol', 'Orzeł', '4', '123-456-789', '1-2', 'Nie', '4.5', 'B2', 'FCE', 'Angielski', 'ul. Armii Krajowej 2/10, Kraków');
INSERT INTO public.students (id, department, email, field, name, surname, year, phone_number, period_of_stay, earlier_participation, average_grade, exam_level, type_of_certificate, foreign_language, address) VALUES (21, 'WIEiT', 'jstrach@student.agh.edu.pl', 'Teleinformatyka', 'Jan', 'Strach', '5', '123-456-789', '1-2', 'Nie', '4.5', 'B2', 'FCE', 'Angielski', 'ul. Armii Krajowej 2/10, Kraków');
INSERT INTO public.students (id, department, email, field, name, surname, year, phone_number, period_of_stay, earlier_participation, average_grade, exam_level, type_of_certificate, foreign_language, address) VALUES (22, 'WIEiT', 'riwulski@student.agh.edu.pl', 'Teleinformatyka', 'Robert', 'Iwulski', '4', '123-456-789', '1-2', 'Nie', '4.5', 'B2', 'FCE', 'Angielski', 'ul. Armii Krajowej 2/10, Kraków');
INSERT INTO public.students (id, department, email, field, name, surname, year, phone_number, period_of_stay, earlier_participation, average_grade, exam_level, type_of_certificate, foreign_language, address) VALUES (23, 'WIEiT', 'gbielecki@student.agh.edu.pl', 'Informatyka', 'Grzegorz', 'Bielecki', '5', '123-456-789', '1-2', 'Nie', '4.5', 'B2', 'FCE', 'Angielski', 'ul. Armii Krajowej 2/10, Kraków');
INSERT INTO public.students (id, department, email, field, name, surname, year, phone_number, period_of_stay, earlier_participation, average_grade, exam_level, type_of_certificate, foreign_language, address) VALUES (24, 'WIEiT', 'jbieniek@student.agh.edu.pl', 'Informatyka', 'Jakub', 'Bieniek', '4', '123-456-789', '1-2', 'Nie', '4.5', 'B2', 'FCE', 'Angielski', 'ul. Armii Krajowej 2/10, Kraków');
INSERT INTO public.students (id, department, email, field, name, surname, year, phone_number, period_of_stay, earlier_participation, average_grade, exam_level, type_of_certificate, foreign_language, address) VALUES (25, 'WIEiT', 'pkoziol@student.agh.edu.pl', 'EiT', 'Paweł', 'Kozioł', '5', '123-456-789', '1-2', 'Nie', '4.5', 'B2', 'FCE', 'Angielski', 'ul. Armii Krajowej 2/10, Kraków');
INSERT INTO public.students (id, department, email, field, name, surname, year, phone_number, period_of_stay, earlier_participation, average_grade, exam_level, type_of_certificate, foreign_language, address) VALUES (26, 'WIEiT', 'mjanus@student.agh.edu.pl', 'Informatyka', 'Maciej', 'Janus', '4', '123-456-789', '1-2', 'Nie', '4.5', 'B2', 'FCE', 'Angielski', 'ul. Armii Krajowej 2/10, Kraków');

INSERT INTO public.contracts (id, academy, degree, end_year, erasmus_code, faculty, start_year, vacancies, contracts_coordinator_id, edition_id) VALUES (1, 'Academy', '1st', '2022', 'B GENT01', 'Faculty', '2016', 2, 1, 1);
INSERT INTO public.contracts (id, academy, degree, end_year, erasmus_code, faculty, start_year, vacancies, contracts_coordinator_id, edition_id) VALUES (2, 'Academy', '1st', '2022', 'E BARCELO03', 'Faculty', '2016', 3, 1, 1);
INSERT INTO public.contracts (id, academy, degree, end_year, erasmus_code, faculty, start_year, vacancies, contracts_coordinator_id, edition_id) VALUES (3, 'Academy', '1st', '2022', 'E MALAGA01', 'Faculty', '2016', 4, 1, 1);
INSERT INTO public.contracts (id, academy, degree, end_year, erasmus_code, faculty, start_year, vacancies, contracts_coordinator_id, edition_id) VALUES (4, 'Academy', '1st', '2022', 'I NAPOLI01', 'Faculty', '2016', 4, 1, 1);
INSERT INTO public.contracts (id, academy, degree, end_year, erasmus_code, faculty, start_year, vacancies, contracts_coordinator_id, edition_id) VALUES (5, 'Academy', '1st', '2022', 'P LISBOA109', 'Faculty', '2016', 2, 2, 1);
INSERT INTO public.contracts (id, academy, degree, end_year, erasmus_code, faculty, start_year, vacancies, contracts_coordinator_id, edition_id) VALUES (6, 'Academy', '1st', '2022', 'F PARIS222', 'Faculty', '2016', 3, 2, 1);
INSERT INTO public.contracts (id, academy, degree, end_year, erasmus_code, faculty, start_year, vacancies, contracts_coordinator_id, edition_id) VALUES (7, 'Academy', '2st', '2022', 'A WIEN20', 'Faculty', '2016', 3, 2, 1);
INSERT INTO public.contracts (id, academy, degree, end_year, erasmus_code, faculty, start_year, vacancies, contracts_coordinator_id, edition_id) VALUES (8, 'Academy', '2st', '2022', 'B BRUXEL04', 'Faculty', '2016', 2, 2, 1);

INSERT INTO public.registrations (id, is_accepted, is_nominated, priority, contract_id, student_id) VALUES (1, true, false, 1, 1, 1);
INSERT INTO public.registrations (id, is_accepted, is_nominated, priority, contract_id, student_id) VALUES (2, true, false, 1, 1, 2);
INSERT INTO public.registrations (id, is_accepted, is_nominated, priority, contract_id, student_id) VALUES (3, false, false, 2, 1, 3);
INSERT INTO public.registrations (id, is_accepted, is_nominated, priority, contract_id, student_id) VALUES (4, false, false, 3, 1, 4);
INSERT INTO public.registrations (id, is_accepted, is_nominated, priority, contract_id, student_id) VALUES (5, true, false, 1, 2, 5);
INSERT INTO public.registrations (id, is_accepted, is_nominated, priority, contract_id, student_id) VALUES (6, true, false, 1, 2, 6);
INSERT INTO public.registrations (id, is_accepted, is_nominated, priority, contract_id, student_id) VALUES (7, true, false, 2, 2, 7);
INSERT INTO public.registrations (id, is_accepted, is_nominated, priority, contract_id, student_id) VALUES (8, false, false, 2, 2, 2);
INSERT INTO public.registrations (id, is_accepted, is_nominated, priority, contract_id, student_id) VALUES (9, false, false, 3, 2, 8);
INSERT INTO public.registrations (id, is_accepted, is_nominated, priority, contract_id, student_id) VALUES (10, true, false, 1, 3, 9);
INSERT INTO public.registrations (id, is_accepted, is_nominated, priority, contract_id, student_id) VALUES (11, true, false, 1, 3, 10);
INSERT INTO public.registrations (id, is_accepted, is_nominated, priority, contract_id, student_id) VALUES (12, false, false, 2, 3, 1);
INSERT INTO public.registrations (id, is_accepted, is_nominated, priority, contract_id, student_id) VALUES (13, true, false, 3, 3, 11);
INSERT INTO public.registrations (id, is_accepted, is_nominated, priority, contract_id, student_id) VALUES (14, true, false, 3, 3, 12);
INSERT INTO public.registrations (id, is_accepted, is_nominated, priority, contract_id, student_id) VALUES (15, false, false, 3, 3, 5);
INSERT INTO public.registrations (id, is_accepted, is_nominated, priority, contract_id, student_id) VALUES (16, true, false, 1, 4, 3);
INSERT INTO public.registrations (id, is_accepted, is_nominated, priority, contract_id, student_id) VALUES (17, true, false, 1, 4, 13);
INSERT INTO public.registrations (id, is_accepted, is_nominated, priority, contract_id, student_id) VALUES (18, true, false, 2, 4, 14);
INSERT INTO public.registrations (id, is_accepted, is_nominated, priority, contract_id, student_id) VALUES (19, false, false, 3, 4, 7);
INSERT INTO public.registrations (id, is_accepted, is_nominated, priority, contract_id, student_id) VALUES (20, true, false, 3, 4, 15);
INSERT INTO public.registrations (id, is_accepted, is_nominated, priority, contract_id, student_id) VALUES (21, true, false, 1, 5, 7);
INSERT INTO public.registrations (id, is_accepted, is_nominated, priority, contract_id, student_id) VALUES (22, true, false, 1, 5, 16);
INSERT INTO public.registrations (id, is_accepted, is_nominated, priority, contract_id, student_id) VALUES (23, false, false, 2, 5, 17);
INSERT INTO public.registrations (id, is_accepted, is_nominated, priority, contract_id, student_id) VALUES (24, false, false, 3, 5, 13);
INSERT INTO public.registrations (id, is_accepted, is_nominated, priority, contract_id, student_id) VALUES (25, true, false, 1, 6, 18);
INSERT INTO public.registrations (id, is_accepted, is_nominated, priority, contract_id, student_id) VALUES (26, true, false, 1, 6, 11);
INSERT INTO public.registrations (id, is_accepted, is_nominated, priority, contract_id, student_id) VALUES (27, true, false, 2, 6, 8);
INSERT INTO public.registrations (id, is_accepted, is_nominated, priority, contract_id, student_id) VALUES (28, false, false, 3, 6, 19);
INSERT INTO public.registrations (id, is_accepted, is_nominated, priority, contract_id, student_id) VALUES (29, true, false, 1, 7, 20);
INSERT INTO public.registrations (id, is_accepted, is_nominated, priority, contract_id, student_id) VALUES (30, true, false, 2, 7, 21);
INSERT INTO public.registrations (id, is_accepted, is_nominated, priority, contract_id, student_id) VALUES (31, true, false, 2, 7, 22);
INSERT INTO public.registrations (id, is_accepted, is_nominated, priority, contract_id, student_id) VALUES (32, false, false, 3, 7, 23);
INSERT INTO public.registrations (id, is_accepted, is_nominated, priority, contract_id, student_id) VALUES (33, false, false, 3, 7, 24);
INSERT INTO public.registrations (id, is_accepted, is_nominated, priority, contract_id, student_id) VALUES (34, true, false, 1, 8, 23);
INSERT INTO public.registrations (id, is_accepted, is_nominated, priority, contract_id, student_id) VALUES (35, true, false, 1, 8, 24);
INSERT INTO public.registrations (id, is_accepted, is_nominated, priority, contract_id, student_id) VALUES (36, false, false, 2, 8, 25);
INSERT INTO public.registrations (id, is_accepted, is_nominated, priority, contract_id, student_id) VALUES (37, false, false, 3, 8, 26);